{
	"type": "BurstTurret",
	"name": "Meta Cannon",
	"description": "A large high firerate multipurpose cannon.",
	"health": 4000,
	"size": 4,
	"reload": 5,
	"range": 300,
	"recoil": 9,
	"burstSpacing": 5,
	"ammoUseEffect": "shellEjectBig",
	"shootEffect": "impactShockwave",
	"smokeEffect": "shootBigSmoke",
	"shootSound": "artillery",
	"inaccuracy": 1,
	"rotatespeed": 3,
	"ammo": {
		"pure-gold": {
			"speed": 8,
			"damage": 240,
			"bulletWidth": 5,
			"bulletHeight": 30,
			"frontColor": "3D9FD5",
			"backColor": "0A80C1",
			"lifetime": 200
		}
	},
	"requirements": [
		{ "item": "pure-gold", "amount": 800 },
		{ "item": "copper", "amount": 10000 },
		{ "item": "micro-chip", "amount": 1000 },
		{ "item": "quantum-particles", "amount": 500 },
		{ "item": "surge-alloy", "amount": 800 },
		{ "item": "lead", "amount": 10000 },
		{ "item": "silicon", "amount": 2000 }
	],
	"category": "turret",
	"research": "meltdown"
}
