{
	"type": "GenericSmelter",
	"name": "Gold Forge",
	"description": "Combines gold powder with heat to produce pure gold.",
	"liquidCapacity": 50,
	"outputItem": {"item": "pure-gold", "amount": 1},
	"size": 2,
	"hasPower": true,
	"hasLiquids": true,
	"hasItems": true,
	"craftTime": 60,
	"updateEffect": "smeltsmoke",
	"consumes": {
		"power": 1.5,
		"items": {
			"items": [
				{ "item": "gold-powder", "amount": 10 }
			]
		},
		"liquid": {
			"liquid": "water",
			"amount": 0.5
		}
	},
	"requirements": [
		{ "item": "lead", "amount": 250 },
		{ "item": "thorium", "amount": 150 },
		{ "item": "silicon", "amount": 300 }
	],
	"category": "crafting",
	"research": "phase-weaver",
	"idleSound": "respawning",
	"idleSoundVolume": 0.5
}
