{
	"type": "GenericSmelter",
	"name": "Quantum Gatherer",
	"description": "Gathers quantum particles using the density of gold and lead.",
	"liquidCapacity": 50,
	"outputItem": {"item": "quantum-particles", "amount": 5},
	"size": 2,
	"hasPower": true,
	"hasLiquids": true,
	"hasItems": true,
	"craftTime": 60,
	"updateEffect": "smeltsmoke",
	"consumes": {
		"power": 30.0,
		"liquid": {
			"liquid": "water",
			"amount": 10.0
		}
	},
	"requirements": [
		{ "item": "lead", "amount": 250 },
		{ "item": "thorium", "amount": 150 },
		{ "item": "pure-gold", "amount": 150 },
		{ "item": "silicon", "amount": 300 }
	],
	"category": "crafting",
	"research": "phase-weaver",
	"idleSound": "respawning",
	"idleSoundVolume": 0.5
}
